Customer ID,Avg Session length,Time on App,Time on Website,Length of MemberShip,Yealy amount spent
1,32.53834984,12.02884556,35.85054016,3.648854068,576.0982734
2,34.20671836,12.22685128,37.2464426,1.987536404,460.7849552
3,31.53523996,11.81434117,36.61069683,3.351190821,349.7397911
4,32.19957748,11.29516323,37.42569485,5.234336894,547.7099206
5,33.57013745,13.50097163,36.85616474,3.938602618,487.0556406
6,33.61370081,13.12909418,36.33862236,5.05387331,498.8061365
7,34.42698208,9.997738276,38.31596304,5.452813975,272.6415784
8,34.03731828,11.93976621,35.94539843,4.615463815,577.2392052
9,31.97688036,12.94269468,37.0004587,3.857095656,535.6674487
10,33.69600346,12.48877857,36.32244308,1.965374155,775.3376264
11,33.98714123,10.57712995,36.50138376,3.522950823,530.3435542
12,33.02764353,12.08688386,36.07493047,4.697907991,474.2197047
13,33.5085679,10.18641028,37.1751869,2.349207866,555.4959761
14,31.57968645,12.25405288,37.19050131,1.633729587,446.4917214
15,34.04036582,12.16485331,40.00668129,4.935085461,407.6942588
16,35.14343856,11.23000769,37.08912621,2.090475197,632.4909216
17,33.94241368,14.84049603,36.07374584,3.152617655,483.3407179
18,32.06173495,12.84218091,38.68346548,3.313432836,569.3031227
19,31.22618088,12.21622937,35.71635191,4.369883228,538.4025668
20,32.35943994,13.79682842,36.3862093,3.764183918,436.086252
21,32.10097978,10.85074906,37.43832287,4.302290418,256.67
22,31.62901592,11.95468292,37.97560865,3.824627028,556.6208281
23,33.01614024,11.49873128,37.93119584,3.576344294,481.699037
24,32.97016622,11.93871399,36.97855997,2.73568967,438.3564101
25,33.29268033,11.79807267,36.40707372,2.460725696,533.436667
26,32.93449874,9.802474562,37.14502122,2.97357378,541.2474669
27,32.87487218,13.23665638,37.71068793,2.913824135,487.4558433
28,32.99800256,12.96374492,37.92192497,5.224985307,572.4401048
29,34.25899114,12.89481641,37.20993622,2.845363243,734.7205238
30,33.0325016,10.99060568,37.8461283,4.434859468,503.1406869
31,32.97574496,12.1669635,36.70711154,3.806232764,519.0386504
32,32.511093,11.97341736,37.84644318,3.947827498,578.5380168
33,34.01024391,12.41475231,36.32565053,3.894721779,523.7956663
34,32.67428205,10.25587865,38.57799142,3.244817693,529.670898
35,32.21343847,12.16218202,36.76804478,4.020016783,600.8826362
36,31.5097593,11.21962453,36.90277986,4.295965394,462.9224355
37,33.5802589,10.85379116,36.7392654,2.735731137,502.4562995
38,33.79111722,13.4383558,38.59034156,3.603811798,477.2163324
39,32.4446892,11.96878303,36.28181383,3.429340708,515.269332
40,32.51367346,13.70039471,37.84529031,3.286042681,521.4339094
41,31.9301274,10.00549775,36.82801973,3.319224293,489.3190778
42,31.91796448,9.584760726,36.79706041,4.566098918,443.6791171
43,34.1009191,13.46908491,35.5502976,1.797902652,423.0439288
44,32.88466716,10.75282213,38.88931831,2.68300997,455.6424391
45,32.65510299,11.45265867,38.62490159,2.147533254,765
46,31.3781756,11.79269267,37.69757064,2.236085213,519.7409597
47,33.92511957,11.78396581,37.54804661,4.244368711,590.7925627
48,34.58557658,11.13403589,38.11620503,3.083317429,663.7338558
49,31.50059254,13.22203843,38.20463593,3.67439271,508.4482907
50,33.5902251,12.08796006,37.32425565,3.75933842,520.5277495
51,33.20956369,10.58150199,35.75020637,3.864354987,420.7094557
52,31.98780614,11.41810514,37.80021737,3.395071808,618.2655859
53,33.1384157,12.24973334,37.94830522,3.786864821,519.0354255
54,33.31785826,12.19365185,35.2977598,3.121185846,386.2546913
55,33.55289441,9.737059151,35.91860704,2.90868802,468.4053073
56,32.44519966,10.85047412,37.01599566,3.737572653,502.4643795
57,34.24908784,13.04667668,35.71555918,5.260290138,355.9314195
58,32.41800212,11.20344565,35.66319918,4.838045119,554.5567791
59,32.3752641,12.33152058,38.97349208,4.155694874,510.9207022
60,31.94602892,13.97251264,37.41902722,2.875294462,585.84916
61,33.07101523,11.74609882,35.87468181,2.979604614,550.6612765
62,31.1738852,12.78092755,37.6893204,3.558511969,596.3370146
63,31.95512675,10.06946111,36.61220053,4.836082078,499.0982532
64,33.31746031,11.58095445,37.77304904,4.083927238,520.9917061
65,32.40759361,13.27407939,37.64432473,4.534952135,570.2500116
66,33.04883148,12.04666325,37.71175557,1.16432094,521.4200707
67,32.90046144,12.86598107,36.69738501,4.61263642,458.5879105
68,31.31671207,11.66650087,37.22228064,2.378289147,552.1396572
69,33.95569118,11.61990789,37.40863105,4.236649323,427.4000624
70,32.31514766,13.44181073,38.29366302,6.019829153,348.6396432
71,31.95581719,11.46659796,36.06078935,2.481894351,488.2720288
72,34.7471538,12.12326512,37.47683572,3.22522521,596.0078865
73,32.95700248,12.93032247,36.28019021,1.476733198,364.734246
74,32.40913888,10.35928243,37.73447354,3.703705852,537.6096914
75,33.12884053,11.20010906,37.34325032,1.777416857,500.5145954
76,31.81309169,12.80461594,36.58183038,3.511386575,538.8217762
77,33.54612497,10.36731554,37.63542723,2.875647498,551.8326241
78,33.84894282,11.7027983,37.15501928,4.486681198,516.3368306
79,33.96619366,10.7324864,38.08433101,2.764547383,653.5725244
80,31.25571032,12.18867519,35.97157872,3.425743832,369.0310514
81,35.16206129,10.62217753,37.13349547,2.82983705,489.0118595
82,32.04300809,13.8553212,37.796449,4.210149305,439.7828143
83,33.83679484,11.95998757,37.67036289,3.152173001,611.5380337
84,33.84450485,12.24420881,36.45783756,4.839511811,419.834333
85,34.07000788,12.24100614,38.52767524,1.878375872,485.5087286
86,32.14594158,11.20270179,37.58096635,3.393549072,500.8339579
87,34.13276823,10.43721304,37.0018383,4.128532258,501.6337818
88,33.39191344,10.68096295,36.00167488,3.523223827,377.3221797
89,31.83088491,10.63820691,38.33355156,2.781972099,381.1783688
90,33.89379051,10.64993229,38.38578191,4.036905072,501.3371532
91,34.09482385,10.13193774,36.38316824,4.007904893,381.7944132
92,32.37781547,12.08345677,37.95879644,3.767017204,517.3468095
93,33.20806751,12.31208188,37.07477,2.924052213,584.2377935
94,33.79953581,12.34383411,37.14135836,2.166185015,620.754081
95,31.22874161,12.65546939,36.04964979,3.362091225,431.2977529
96,34.98337339,11.71967611,38.09301893,3.508796383,452.6075126
97,32.07694733,11.38961701,36.86646545,3.132998753,540.6360943
98,33.59022943,13.67861262,36.74483227,4.04718878,508.0785182
99,32.9613457,11.23117264,38.74233035,2.764622173,467.0047628
100,31.77030914,10.98692797,36.24545865,4.316403053,644.4585521
101,31.03226506,11.50976159,35.41500973,2.198390192,505.7430371
102,33.37652281,12.25589596,37.77104794,3.682785098,553.3067617
103,32.93501589,11.6962287,36.36873269,3.517860341,457.0372844
104,31.77537778,12.45346054,34.47509615,4.373463014,343.1204394
105,33.71411791,12.71886639,36.7789164,2.05390046,556.0990068
106,32.3702968,10.91283785,37.58007399,4.793551071,320.9000075
107,34.12721057,12.22126882,37.14676947,3.577099656,374.6147422
108,32.93484086,11.7963525,36.88470604,4.009783959,564.2862688
109,32.37158116,11.38564333,37.86614522,2.907685195,606.6643209
110,32.89164755,11.63724011,35.9417739,3.812687612,485.3190639
111,33.16941301,12.18578829,37.51480484,2.358877831,507.6384204
112,33.09857044,12.75731997,37.99963217,2.111604467,572.8001735
113,32.16343022,12.97122799,37.43437651,4.477901293,507.2432103
114,34.22752702,12.74382442,36.942454,4.278576401,520.0302435
115,32.80352757,12.67408129,40.80838798,4.946204147,501.665489
116,33.23484973,10.26487459,37.27396998,2.030573529,609.1099358
117,34.00572998,14.14025619,37.63348494,2.781757611,514.8535075
118,32.90084487,12.71629303,37.4694724,2.734974379,607.67224
119,33.19998081,11.45949777,36.15489249,3.28641848,510.0346432
120,34.91991027,14.33658587,36.80624974,1.862578178,453.1351431
121,33.62377376,12.40025505,37.4970225,1.182033038,471.1567659
122,32.92074434,14.27819516,38.32511162,3.916937967,467.7037389
123,32.48529557,12.07283235,37.52579795,4.506439135,475.7321227
124,33.52497209,9.630305825,38.15231766,2.791494684,483.6584599
125,32.70634463,13.25123546,37.16909764,3.278264799,436.946162
126,32.06118412,10.75150861,37.50237702,4.793711585,643.1627925
127,33.69565125,11.00560065,35.84730361,3.861640125,433.938391
128,32.2093335,12.00794075,36.6327429,2.502699267,472.6077209
129,33.45686457,12.08494672,36.97336264,3.050520864,594.4025522
130,33.29885158,10.89118991,36.45455682,3.960828884,500.5891647
131,32.98301031,12.32459771,36.06363176,3.928259379,453.8386161
132,31.7511051,11.03024869,38.210418,4.850997382,525.059468
133,32.39080228,11.15678257,37.10619585,3.725436893,495.1238077
134,33.59066122,11.50403065,37.68964281,3.7022476,539.7945157
135,33.70613629,11.15912046,36.96071649,2.912755627,350.2305307
136,34.5743658,13.6879086,37.97047616,3.79805449,538.3941182
137,34.02173076,11.60688985,37.56193463,3.521027096,389.6085252
138,31.48866015,10.86129319,38.84983631,3.16681124,694.225203
139,33.97325024,12.91394888,37.82864963,2.076532657,396.4849712
140,33.81018999,11.69730326,36.85190197,3.919279375,607.942463
141,32.19943382,12.78934593,36.79252877,3.766219905,554.5549217
142,33.54035717,12.53805343,38.98206435,4.694907268,465.9613019
143,32.83341607,12.62258458,36.81087729,1.440933302,471.1242158
144,32.37182476,11.57899864,38.38614958,4.595802914,443.8435772
145,33.59752535,12.60062162,38.72547662,2.870865938,441.3708477
146,32.94885947,11.17732029,37.78652873,4.804750451,502.6475645
147,34.16899374,12.06418214,36.53930826,3.979034337,399.8596689
148,32.42322557,10.84995131,36.02513883,1.809221757,479.1500562
149,33.13890101,11.95746526,37.14242915,3.740225731,471.8728424
150,31.1958299,14.76643037,35.55205098,2.719998889,496.159467
151,34.3958617,12.5276756,38.10606037,3.622477551,559.1563535
152,34.45799103,10.70361459,33.88317377,1.940848365,605.8297677
153,34.46288809,11.760142,35.81316049,4.306351686,564.2516232
154,32.48091851,10.98308909,38.20079891,3.281345447,502.8602937
155,33.74298092,11.81392208,35.42644262,3.973913733,607.2070326
156,34.87966537,11.62534402,36.23820495,3.035608278,546.0644728
157,34.0215869,12.54524613,37.28471201,2.076140367,318.0003614
158,32.7818051,11.3674286,37.55483501,4.266558491,608.8420287
159,33.0000175,11.50486299,37.52925624,3.765113298,436.0887706
160,32.23740895,13.38345225,36.8083466,2.542007018,561.0597369
161,32.84340133,14.08899374,36.98977916,3.428062561,387.6561747
162,31.05518755,11.44434193,37.83188642,2.920433752,620.6465935
163,32.90356218,12.94546676,35.90633038,3.65499152,462.9961909
164,33.72231834,14.19634374,35.57986891,5.118438249,543.8909757
165,34.12828602,11.30834065,36.25339638,2.937181943,468.5923871
166,31.98930649,11.68152078,36.05708776,1.492504379,466.7491524
167,31.95086517,12.63083029,36.52324724,2.353059814,359.7439726
168,34.80936357,11.31639427,37.62742246,3.835295929,450.7150681
169,33.52142432,13.41004553,38.18626234,3.547957666,471.7229986
170,32.72892504,13.56283698,34.53980191,2.525026654,418.8409089
171,33.49546494,10.97352426,37.1136309,2.251730072,534.0573102
172,33.291473,13.37599434,35.47139637,2.423720884,517.8128455
173,33.34638284,11.82022257,37.30586749,2.895070097,448.6376499
174,31.48398388,12.30806483,36.53254303,4.037513959,496.1362977
175,33.29799428,12.73717506,36.56676455,3.335904607,483.9792255
176,32.35642665,12.42915763,36.16581417,4.329910228,552.0793798
177,33.76921641,12.40055556,38.46166537,3.725068838,729.4976993
178,33.08255583,12.57432352,37.76805647,4.202117634,468.5121482
179,32.47555118,12.7059619,36.49463186,4.061893175,497.0066541
180,32.54721418,11.57576497,37.12659571,1.952402008,451.1357012
181,33.01609139,13.14654554,36.89227538,3.492345341,653.8003674
182,33.89186693,12.88868098,35.5142892,3.283506441,352.9160973
183,32.97882689,12.25787823,37.1229061,4.595943403,565.7169837
184,33.87762154,12.98488651,35.89715555,4.624998677,643.9250558
185,33.33874507,11.76300052,35.98566273,4.229590935,321.7094121
186,33.29284623,12.44089138,35.84291977,3.904144568,642.0631288
187,32.06395376,10.72839337,35.99309951,4.188222979,541.8210941
188,33.73337876,11.26804789,36.88081506,4.139710731,489.2312895
189,33.48717157,12.04820148,38.2697016,5.059476581,637.3359944
190,34.73938011,11.74729952,38.84037005,3.797296699,430.186198
191,35.12957055,12.92267833,36.373317,2.42984222,461.2412142
192,31.50191534,13.81450056,36.38389384,3.035822339,557.1334141
193,32.80679852,12.08685823,36.90313271,5.036981146,485.767532
194,33.94141247,10.08451025,34.51764371,3.179449552,548.0072658
195,32.46281593,12.04780294,37.7747109,3.209045892,643.4806647
196,32.37775248,11.05078154,35.73900158,2.879940313,434.1229236
197,34.104829,13.07592825,37.10674742,2.662084926,537.5822302
198,33.38757575,13.05569233,38.5346786,3.324100535,549.8396353
199,34.04681867,11.49311924,36.34198719,2.478161421,379.6575833
200,33.04439901,11.87981712,39.43520419,3.363213302,736.7358136
201,33.06998825,11.57951807,35.60585365,3.504771119,471.2085029
202,32.33333237,14.12731964,38.4738782,3.58824042,586.5107077
203,34.31830007,12.24751456,37.0781608,4.179932297,388.276063
204,31.7584229,12.47041973,37.01508894,5.451463038,520.1384452
205,33.62499921,12.31000378,39.50870169,4.402114871,583.0345438
206,34.25679934,9.907157342,36.57355356,3.712061646,465.4938703
207,33.47357958,13.02515104,36.7566138,4.689270218,482.3688012
208,32.33644081,12.82278783,38.00243049,3.326475887,436.4414613
209,31.19794115,10.39939366,37.54844245,3.942131308,441.018772
210,33.69387543,13.10582148,36.459117,3.890610116,472.5898837
211,32.13004471,12.00589441,36.72663285,2.402548275,367.5698193
212,31.37915427,12.5781084,36.43522197,3.00708257,422.3687586
213,32.93508079,12.2866932,37.00493633,4.16152359,548.689463
214,35.43978733,11.33914337,36.50771568,4.976872873,443.169106
215,32.99504297,12.30638585,36.48487524,3.864780469,474.0655209
216,33.21448095,12.32302859,38.12259783,2.95841413,550.4253829
217,32.86934358,12.96021319,38.13585477,2.364054281,567.0954016
218,32.96383745,12.25750738,35.82536063,4.579396829,495.7506655
219,34.66865125,11.89731185,36.50370866,4.727439241,502.14497
220,33.65969048,12.6248983,37.41885818,3.197456068,540.7455911
221,33.2194549,11.6931604,36.63598395,3.320727667,483.1403769
222,31.37921153,11.15674439,38.51705203,2.86297225,628.0977433
223,33.37914736,10.92938417,36.12001753,4.378069385,460.2053572
224,34.33186782,11.2560004,35.5710063,3.585612049,349.6946424
225,33.50097585,11.26987666,36.34375823,2.745802272,524.1315404
226,33.69295867,11.75954609,38.16174007,3.087949948,645.2085764
227,32.19120902,12.27404184,35.23310058,3.4333401,429.3811602
228,33.76242471,11.76861602,37.69951644,3.48373178,546.7733306
229,32.30466439,11.26776978,36.27175383,3.148071795,454.3761593
230,34.06644637,13.88349323,36.09047854,2.911950809,349.8485797
231,33.32921106,11.56449313,36.03161424,4.345432867,417.4936392
232,32.91339068,11.86921749,37.43567307,3.308681476,502.4451409
233,33.53410178,12.72815786,38.19722313,4.022873589,496.7040077
234,33.24499006,12.72716501,35.93466591,3.171336701,588.6696619
235,32.54110877,13.57851537,37.08634436,3.803935342,411.1795684
236,32.83823117,11.56316553,35.33029016,3.14003766,648.1540531
237,32.75286335,12.31038777,37.49497305,3.492316813,515.2644339
238,33.65857193,14.08649432,37.92900012,4.827163926,487.6371849
239,31.25776981,12.02706347,37.66873135,3.4899314,557.1149372
240,32.13486624,13.6963541,36.06614843,3.539081077,548.6217463
241,34.31555126,11.41177183,38.25891789,2.327698792,435.8246358
242,32.94324102,10.36162335,36.36045685,3.364185797,402.6715897
243,32.43062827,11.81650934,39.21587497,2.354858249,468.9970427
244,34.06592322,12.19197094,35.7580819,3.4312304,496.261793
245,32.94268379,11.88012998,37.7190172,3.260605963,555.1608718
246,32.50642388,13.15228038,36.58730063,3.650957458,460.129147
247,31.91388469,13.91549344,35.25235533,2.904144403,410.1028673
248,33.56464137,11.4062722,37.99098158,3.481317257,454.1220746
249,35.46428092,12.15747224,36.363275,2.956427952,569.0857151
250,34.47790266,11.50325028,37.60505858,3.595013658,609.4763376
251,33.5370377,13.04337476,37.93742301,2.150233989,433.7605981
252,33.22918996,10.62488704,35.71986058,2.740840653,522.6999379
253,33.88357468,11.20126944,37.42350516,3.459035366,490.4091889
254,30.74202125,13.29292077,38.58513845,3.269047365,475.4414432
255,31.3110079,11.00871333,35.92899384,2.751008716,563.4206658
256,32.76974601,13.08489077,37.50745542,3.648256191,523.0854531
257,33.40664614,13.03955221,37.92144602,5.020550256,454.4651591
258,33.14801531,10.60186031,37.35730226,1.749694463,432.3089249
259,32.68053786,12.64106905,37.5717803,3.804168757,608.2369568
260,34.73442501,14.21435358,39.50656551,2.9638334,515.1483207
261,31.30214697,12.21077626,37.71572534,5.412924205,428.1030722
262,32.87725939,12.97027105,36.64934644,3.016276664,555.0799652
263,33.36867029,11.80994747,36.63469877,6.553916488,474.8221773
264,33.5193277,12.29864287,36.97148571,3.772052765,394.900164
265,34.17211364,12.53164881,37.30277228,4.018586882,523.9825011
266,33.30934329,11.87088721,36.22413646,2.825244068,457.8423544
267,32.03058143,11.79765732,37.78953316,3.837742434,392.8808165
268,35.13694634,12.17408565,36.19641537,3.644961746,385.867739
269,34.4562171,12.16424635,37.53769071,2.582283923,461.8549297
270,33.35285604,12.31654387,36.2699467,4.496346931,365.4577236
271,33.96162002,11.73868453,37.77682283,3.333799002,528.6550261
272,32.30105862,12.83292066,38.02298632,2.797703747,466.0891214
273,31.79821204,10.64857793,36.48544534,4.275468734,566.8024937
274,32.67282872,13.7266086,37.34540049,4.05600334,537.5357992
275,33.28009796,11.74349005,38.7792191,4.714457586,499.1541165
276,32.50009393,10.61241336,36.72773758,3.872490637,575.8336553
277,32.03006708,12.92853172,37.2543394,3.796937472,668.9100568
278,31.35164295,11.0733692,36.2391411,1.527058707,449.9906984
279,33.16361565,10.82713708,36.9923948,4.540765752,438.6061588
280,33.25869447,11.02413706,38.42380888,3.015212146,624.4410074
281,33.21986612,11.47203378,37.26566695,2.455862029,556.1454116
282,33.38716482,12.77760269,37.44077336,3.895173232,551.3850256
283,32.83391877,11.87659304,36.36211079,2.654194466,506.9734523
284,33.95014386,13.21890478,36.22537328,2.94534657,393.6693844
285,33.73569619,11.85603614,36.89824545,3.944535575,587.4092973
286,35.53187911,11.80178703,36.95058402,2.91568398,729.5439506
287,32.48893033,11.32918281,37.48900176,3.17137431,557.7796207
288,34.55829144,11.32029992,37.12305916,3.233537288,434.3641334
289,33.22672518,10.87210755,37.58187832,1.655228729,521.5407987
290,33.36446737,12.00410176,36.39814545,3.144647103,415.7536517
291,32.63530552,11.24761871,38.1007675,3.433764166,449.7117066
292,32.65548684,12.48547414,37.41024352,3.09162442,667.1046731
293,33.31820261,12.50261525,37.42873065,3.408381303,553.4239669
294,33.11663315,10.59903121,36.20872562,4.427982395,500.1962933
295,32.83932702,11.36041426,37.88518647,3.448919346,436.1812919
296,32.96771999,10.64380556,36.75117491,3.151942854,570.2048232
297,32.30422277,10.59594117,37.27626463,3.148775904,434.6231535
298,32.21661904,12.33049597,35.40292204,3.666288793,460.1123489
299,31.98474357,11.67628333,37.90091013,3.037944482,470.6741064
300,32.94180972,11.4079306,38.14817707,1.299829006,474.411337
301,33.22281935,11.43427848,37.27521903,3.675920783,357.0389363
302,33.31750312,11.30288831,36.64563003,4.838937982,506.5756718
303,32.55566353,12.65432023,37.0829283,4.025763873,354.6158613
304,33.00373456,10.61418335,35.42951201,2.430653564,553.929715
305,32.71860324,12.00122503,36.4982651,3.406783504,488.1379719
306,32.99509271,12.20292745,37.09078294,2.264359387,589.2271148
307,32.57047511,13.32907745,37.15633114,3.524243765,619.7149275
308,34.73130314,10.98098452,36.66345698,4.462356412,463.1871318
309,32.47304046,11.66026133,37.5878642,2.155824537,532.1089144
310,33.63511616,10.72946612,36.82430906,3.045827512,413.3362646
311,34.41985735,12.57186466,36.50855086,3.306848584,502.1233025
312,34.4742373,11.09488888,37.63441148,2.205388361,519.9172503
313,32.72480372,11.60562162,36.8236643,4.634351818,640.508237
314,31.58220194,11.59663974,35.70284981,2.721897722,622.6889746
315,33.74636477,11.35905801,36.83345278,5.430353943,282.3120001
316,34.27429169,12.10253737,36.16415071,1.626054833,581.0883934
317,31.45070675,13.50343561,38.21931997,2.90543102,575.6838382
318,31.45889206,11.37447538,36.57289617,3.618710552,552.4038313
319,33.47493096,12.26327242,37.00273717,3.052109945,676.8736181
320,32.18063841,12.60988276,36.38497228,3.619527018,457.731824
321,33.4125119,10.7597323,36.51102023,2.112434055,491.2880049
322,34.04415539,13.24261266,36.54376643,4.109701408,715.8362185
323,32.8703452,11.73049649,36.46875231,2.087222723,469.2836626
324,33.23789944,12.07930865,38.85029952,3.852017915,442.4614877
325,33.94409589,11.75388077,38.82898101,3.359053215,413.4110951
326,33.16298653,12.93113811,35.25661949,2.624218244,459.7564015
327,32.61663808,11.9471985,37.82488664,3.540002699,420.4751933
328,33.66613077,13.30217892,36.84458724,2.900230136,433.9114639
329,33.7518879,12.91940176,37.12982218,4.27539432,489.6617115
330,32.43035202,12.20757652,35.94558285,3.430161251,463.2465474
331,32.56168315,12.08655679,36.70225103,5.562646849,584.1987439
332,32.71670745,12.80130803,38.16652869,3.009045082,526.2814645
333,33.54444852,13.50809244,37.63331171,2.730463291,385.0477169
334,33.25642259,12.41675136,36.09096503,5.203559791,508.8394068
335,32.67813726,9.953056286,34.8340834,4.591042428,609.5583572
336,33.29362927,10.85597448,38.03438716,2.80514396,381.884183
337,32.81217425,10.98012842,38.95417582,3.3651251,400.7884056
338,35.00894911,11.69050226,36.62780887,6.363210813,542.9962973
339,32.99085805,12.22232158,37.28228362,4.012548023,544.2608262
340,34.07042912,12.76692167,37.61847448,2.603543625,455.9753226
341,32.67250512,14.00241508,36.24142663,3.020385589,509.4229057
342,32.36484047,12.89147795,36.26132156,3.168568982,407.5991676
343,32.6521711,10.89495279,37.96797909,2.866827171,510.2641452
344,32.57881636,12.90625003,36.88383327,3.141028914,552.1847637
345,33.09338874,11.83826126,37.254134,2.810065878,441.9096902
346,34.5231051,10.24683161,36.3801336,3.048880253,630.7542373
347,33.085319,11.52415616,36.80144867,4.013707886,626.4299916
348,33.54160716,11.59983378,36.8632798,2.970192728,477.1383803
349,34.1112281,13.06541252,36.51976503,2.314866565,475.1458389
350,32.31360208,12.9861105,36.66637985,3.704090141,551.129391
351,34.27495061,10.69595262,38.80712916,4.299861269,627.4084291
352,33.15825495,10.86891942,37.78836173,3.810844587,410.7861424
353,34.22003486,12.29367089,36.43945725,3.03646371,485.7875287
354,31.55470317,13.14759135,37.98704165,4.069044705,577.4822194
355,32.37483981,10.86656132,35.85646775,2.375459261,443.5283615
356,34.06979169,10.58648863,36.66914853,2.455139122,502.3561828
357,32.40359555,12.24256344,36.17223314,4.646942377,436.5082091
358,31.25834226,11.68427075,36.54374442,2.35588324,411.0866708
359,31.92282297,11.94942066,36.8410154,2.849239815,378.0998039
360,33.08355576,11.98485484,37.35514828,2.449943051,544.2897308
361,34.26984179,11.73244547,35.61381074,0.891398412,481.5641261
362,34.74223504,10.91249045,38.30416974,4.267856718,476.0341659
363,33.5550158,12.54803739,36.04335683,2.631080932,631.4223353
364,33.8188485,12.95992392,36.77629609,3.669374349,598.2842773
365,31.34079318,11.45070944,37.15094244,4.066307766,410.8130126
366,32.32050306,14.3344992,38.04820182,2.448940731,475.9013941
367,33.94501134,13.14706377,37.46164775,3.590175339,471.2010718
368,32.56049248,10.84005402,37.18241961,2.113861777,533.768772
369,33.66054146,11.88282353,36.28771529,4.240949382,514.537872
370,33.70824808,11.79872057,37.62492244,3.130305279,562.9581615
371,33.65907248,12.31828006,37.29901822,4.534575131,488.9329534
372,33.27163329,13.35126039,38.50194276,2.730949327,554.7968189
373,32.72435552,11.69315829,36.19666241,2.597972935,528.0806199
374,32.2192548,12.6201753,35.3368879,2.995091029,502.3649345
375,34.49111932,12.8142168,35.82305487,4.87713175,447.2192957
376,31.68604959,11.46557397,38.07319607,3.917289524,454.3505661
377,32.14816672,11.41041745,36.90411165,2.631726031,439.8082605
378,33.02416613,11.60718581,38.11688981,3.583240032,544.7425174
379,33.02743995,11.53995653,37.2381293,4.425541805,455.3595725
380,33.52605012,12.26787321,37.41731029,4.113800415,555.7223352
381,32.43234215,12.02471858,36.74763283,2.774451933,581.8577156
382,32.99498774,9.895112531,33.75107101,5.067124349,531.5628628
383,34.06259575,11.29410716,39.1945816,2.885336604,608.8041313
384,33.25718233,12.13154449,36.80070674,3.256810681,410.521872
385,34.18117911,12.16539109,37.39032401,4.90533987,556.4183792
386,32.67703148,13.27621899,36.7828035,4.455130032,413.9073401
387,33.83295082,11.82980132,38.41172999,3.940528105,485.7689853
388,33.03979972,14.04445389,38.06723812,2.601137381,372.8446399
389,34.04879484,12.0285312,37.64026192,3.655755199,563.3331157
390,33.52436876,12.75200961,37.40789626,2.514958357,535.9307181
391,33.57652581,11.44260103,37.53798813,3.53907042,450.9878382
392,32.04519563,11.23601763,37.47624655,3.860065442,536.0106315
393,32.36059864,10.08441784,35.83675207,2.92838776,546.1652755
394,33.7938596,14.04644652,35.9968137,3.705039106,375.1179287
395,32.67273404,12.14652889,36.59045161,4.08988073,399.7951066
396,31.46655271,11.95240048,37.48147481,2.773574066,387.8283878
397,32.80786764,12.14063487,35.67837836,4.919284254,470.7157422
398,34.80281235,13.11902739,36.70880756,3.441035861,458.0883181
399,32.97319767,11.84518221,35.85087274,3.002799888,557.1585447
400,33.26651452,12.41213644,36.65970969,2.884493288,484.6660955
401,32.23668493,9.273247557,35.28646556,3.457711839,572.7554691
402,33.95602799,12.63008156,37.75299496,5.334157907,325.326061
403,34.3393216,12.69844092,37.44328924,3.8765953,418.9765161
404,31.4824044,15.13831679,35.88908208,3.350676062,467.67009
405,33.28696956,14.09837682,37.17638398,5.349705755,515.9010568
406,33.65631233,11.10381955,37.97662484,2.148736783,536.6293412
407,33.24040695,12.23970119,37.90667673,3.124337013,504.8241048
408,34.33251861,12.60461832,36.78045236,3.894651529,496.0162642
409,32.82085949,11.84266833,38.42011045,3.284994308,558.0124942
410,32.95501244,11.02893701,35.94844663,4.238070571,469.8050485
411,34.46679027,11.49678474,36.26909667,3.415495986,497.8097448
412,34.62161418,11.24928839,36.38080286,2.069645968,566.4419792
413,33.14621573,11.40941272,37.4298552,1.262601635,529.8127868
414,31.69829301,11.50103039,37.26441025,3.826673967,567.4911794
415,34.78557011,12.00030798,37.16927568,4.094328451,387.0530951
416,33.67191286,11.00798599,38.31680631,2.089813085,531.2529883
417,33.61516162,11.17177571,36.94853609,3.034948948,481.860012
418,33.76846643,14.09429588,36.40758507,2.626821761,535.885573
419,34.1933433,11.53209649,35.37374326,2.400482538,596.5860753
420,32.18713266,12.29417716,36.70065469,4.196215741,545.7625589
421,31.95921584,10.7545137,38.47573763,3.957454691,455.6240134
422,32.67744834,11.92646184,38.11655972,4.566829062,445.1026663
423,33.12298781,10.36978978,36.06052889,2.915899445,429.1957761
424,33.41903803,12.38412321,37.32742339,4.011891661,542.9176938
425,32.40068661,12.75891063,38.94763773,2.93317211,516.2664442
426,32.63240478,11.23929953,38.12744438,3.254807392,756.2356326
427,33.48434034,12.86084714,36.80661905,3.684481791,419.7908552
428,32.05216406,10.93569076,36.78685453,3.012453614,579.2000648
429,31.01803544,12.12704392,35.86394303,4.335663181,536.8961279
430,33.72622213,13.14590317,35.99167018,4.673502609,549.4124213
431,31.98012266,12.82861841,38.97643576,4.776259199,623.4001475
432,31.58170341,12.18944141,34.3270289,3.326403981,528.9700357
433,33.07581523,12.1432484,36.56752448,4.407553662,564.7903062
434,33.89379865,12.53451454,38.78353742,4.320127507,556.4795929
435,32.87754674,12.52156563,37.83779559,4.728106187,495.8929304
436,32.29665057,10.79055149,35.2222733,4.294298197,438.2236997
437,32.75735867,11.28165387,36.42700777,2.872368657,532.970231
438,31.56399518,11.9988228,35.78350467,3.999174566,513.706367
439,30.71641366,11.29683282,37.03087719,2.978807122,570.1462702
440,31.91544562,14.24059388,38.73908831,4.255635906,523.9978077
441,33.08067639,12.41813778,37.89825549,3.116767516,432.0901531
442,34.29279508,11.59056231,35.67966274,3.953615695,499.9450977
443,32.29093783,11.66957948,37.53503882,4.252530004,627.1634875
444,32.25645448,12.05701898,36.26413128,2.403393292,616.9639968
445,32.06769997,11.97887517,36.19403648,5.269988391,573.0443164
446,33.10925244,12.37105366,37.68558515,4.318035591,534.5276137
447,33.33008706,13.21984791,37.6398336,3.505583812,602.868046
448,35.05567709,12.73956129,37.78044619,3.175079878,474.5841703
449,32.59791004,12.24714912,37.45182044,3.422593093,678.6915195
450,33.10111988,11.27765738,38.7025649,3.78315196,599.8086643
451,33.53022254,10.60659191,36.07413621,6.060564057,454.9176233
452,34.05175878,12.27466213,36.1794108,2.072482549,451.1069278
453,31.45838789,11.46759601,35.84581166,3.292071659,587.7284004
454,31.91785156,12.4975777,35.30562325,3.704087635,346.9106448
455,32.72285188,12.2647256,37.2849702,4.170329968,590.2912841
456,35.13361518,12.67085729,37.40075889,3.862247602,393.2061241
457,31.81592675,9.993282534,38.35622965,4.470071273,535.4619519
458,33.90952212,12.25173663,36.70883323,2.729736414,493.5551702
459,32.29330159,10.14756358,36.14599824,3.65246379,491.5930469
460,32.51303096,11.97982716,38.1375032,4.356023232,486.7358711
461,30.80083587,12.86256462,34.36765038,3.926029525,477.621253
462,32.58689178,11.60749968,36.73240202,4.279176587,451.0242737
463,33.76323596,10.97399565,37.74788048,5.144289113,385.160358
464,33.6612537,11.52827844,38.47215777,6.005150469,483.0934112
465,33.04235986,12.34895895,36.80379679,4.268541189,481.685133
466,32.09173404,12.66711343,37.35788898,5.648417308,555.3352056
467,29.97230008,10.86317308,38.43705699,2.715391809,580.287338
468,33.72318391,10.69282567,37.31941517,3.50962821,452.8141267
469,32.66289567,13.2316691,36.75984598,3.193409911,519.2047322
470,33.26239981,10.84897072,36.33591945,3.014311685,419.6711113
471,34.61156209,12.1163107,38.65824222,2.280629296,529.7828498
472,31.58015014,10.98441892,37.78231838,5.101441546,442.7241974
473,33.70589011,12.68380124,35.45055497,5.346554542,485.0237966
474,32.04822464,12.17271432,37.39645589,3.844354252,520.4820506
475,33.73174297,11.58980976,37.15186488,3.878275415,442.5760184
476,32.55940632,11.42691815,36.08990953,5.659425215,417.0041182
477,33.19598149,11.13329878,35.57041916,3.69459944,471.2734431
478,31.5743468,12.09901774,35.24939609,2.435889398,564.1235581
479,34.45544136,11.64986053,36.66665132,4.784256536,510.7503107
480,34.50327251,12.08456611,37.7229444,3.086614824,611.0152904
481,32.72296869,12.60613265,37.59098469,4.933612788,562.5788846
482,32.06103671,12.40036694,35.70357755,4.10707195,497.8243057
483,33.03449563,14.21767087,37.41273282,4.276159608,414.4041912
484,32.97187858,13.84361579,36.41617526,2.717164838,562.0351512
485,34.29339338,12.66758873,36.77618039,3.37392951,528.4431062
486,32.26519298,13.361136,38.01453169,3.545831564,638.312598
487,33.48662839,10.23295947,37.10279602,6.411199669,544.6354302
488,32.77860315,9.332941656,36.399571,2.83423641,451.6223248
489,32.67532065,12.60372169,36.23803426,1.534250122,567.9936372
490,31.86019213,11.44748461,38.27261796,3.133221032,471.2135709
491,34.11391705,11.91053459,38.01524714,4.730547161,437.8776794
492,33.50282251,14.7169275,37.90626793,3.706742177,536.8492689
493,35.02000067,12.26030875,36.05318506,2.208494392,355.1264298
494,32.82882012,12.12587531,35.93842674,2.117382717,302.2650062
495,34.30347486,11.07885032,37.58983331,3.826901226,482.3892617
496,32.83666271,12.93821139,36.13228627,2.744773689,514.3756638
497,31.90282658,12.41601871,37.38957862,1.879701663,439.5167989
498,33.33393244,12.86692506,36.29160407,3.00657438,502.693675
499,32.50236785,11.70886939,38.26829544,3.148289713,454.1013747
500,32.99662548,11.59107515,36.84798525,3.886442935,482.4314074
501,33.37793514,13.24101732,36.87932314,3.567896878,457.4069025
502,32.26122284,11.69996427,35.36745578,4.396690024,491.4016315
503,31.63006845,11.18807995,37.94053881,4.203941153,613.7721856
504,33.43672863,11.2568921,38.16219819,5.17362701,300.623321
505,34.61505957,12.62505717,36.94151034,3.405893683,425.7993991
506,32.71366436,12.1837765,37.16389229,1.753562113,411.3629306
507,33.5348457,10.43598571,37.81282729,3.351320413,454.5756406
508,35.01336316,12.49347429,37.98630746,4.511895026,410.2656759
509,33.05170513,13.51556415,37.79145802,3.192304473,540.2494716
510,34.83927779,11.88314944,38.12597255,4.769365983,637.6337876
511,32.21339542,11.9583933,37.22260328,2.475246304,608.3759755
512,33.63516479,10.84869256,38.2142911,5.363763156,513.9343242
513,32.41788365,12.28065048,35.30400073,5.615882294,594.7575196
514,31.26429397,12.35496917,35.51837252,2.4589537,452.2556128
515,33.83266637,12.73212965,38.04073284,3.18421043,459.5615323
516,31.65336046,11.51997117,37.03854968,3.609489859,463.3031303
517,33.7811993,12.20944299,37.19027313,1.773760892,502.7579898
518,32.74628661,12.18364046,38.07214306,4.093741427,438.1232998
519,32.61315157,13.46516863,37.59318402,3.269586484,528.7922727
520,32.37609563,12.8408244,38.04522693,4.129469097,419.8372646
521,32.91289003,11.46639482,38.26189135,3.562953923,444.763782
522,33.33888717,13.26815334,36.62096637,3.881214934,426.1768385
523,32.8881205,10.97506937,37.1867275,3.297554645,497.6773198
524,33.04526208,11.63143782,37.70446233,4.626994237,336.5316374
525,31.9573235,10.53377673,36.09461812,3.329189729,453.1538155
526,33.20171317,11.49438026,35.00876429,4.460246413,440.2628417
527,33.67852192,12.21383035,36.58146048,2.57685375,448.1110244
528,33.502635,12.00620854,36.73985661,2.579840532,455.7756774
529,33.44774044,13.32737579,38.86538988,2.921778376,410.5231886
530,33.43739224,13.28401656,36.02825727,4.331933472,580.6758046
531,34.33271228,11.32305751,37.82495125,3.461605376,526.6288903
532,33.45170488,11.94535421,38.277343,4.344457961,481.2947955
533,34.64443294,10.99511114,37.59533419,3.534020783,525.3935838
534,33.16409701,13.15690147,37.14704859,2.616248265,484.0592056
535,32.05887214,12.90598105,36.0427969,5.035634185,515.1835541
536,33.73550659,10.97658221,36.19515164,3.252380036,510.3973739
537,31.76048276,11.78258623,36.69588704,3.22496597,519.2635613
538,31.92482909,12.85280475,35.23001754,4.893895118,625.324383
539,34.09617297,12.12689866,37.62257397,4.602319258,600.1823846
540,32.28579392,13.11113153,36.39643806,2.251364486,482.9731948
541,33.62425906,13.14745053,36.40788506,1.257222167,471.1134833
542,33.95155187,12.75448688,38.7934709,3.442582203,515.4803425
543,33.15970538,11.42382871,37.89760542,3.642420698,580.7953806
544,32.90537795,13.73536163,37.1269968,4.140898595,327.8564404
545,33.64278344,11.39562534,37.13825355,1.086758787,409.7834454
546,32.20980106,12.0126635,36.25868933,4.80296169,553.5758321
547,33.84176104,12.28455305,37.07186386,2.681854434,426.1335807
548,32.94872526,10.76264213,35.23339094,2.383652078,408.3039974
549,32.40885782,11.65034083,37.3337081,3.621476826,496.5012558
550,32.77351782,10.34308667,38.42312302,3.172017696,435.3533869
551,32.04609276,10.50219612,35.16176093,3.59462912,531.9113004
552,32.9135713,11.86456347,37.5132442,3.024427404,471.0444471
553,33.71302957,12.96007424,35.87617055,3.857593444,398.2836131
554,31.11469362,12.16623981,35.77515803,3.435306575,498.7771182
555,32.61941939,12.29265654,37.14182185,4.907951641,595.9609102
556,32.07779879,11.5209943,38.5589839,5.237485224,488.0104825
557,33.74299512,12.52591375,36.94634413,3.988722729,511.0490539
558,33.14776668,12.2270655,36.87176688,5.447629281,498.869098
559,31.63522728,12.32816762,36.11833807,5.234763362,534.6585507
560,32.0349425,12.24182825,37.42086866,2.550595422,378.7999609
561,31.90860582,11.58434528,36.16806599,2.833433003,591.9286449
562,33.80943614,10.58097709,36.05752303,2.415064511,655.5018037
563,34.27299018,13.08046073,36.06312923,4.090355389,413.526367
564,30.97794196,11.09492822,37.54251151,3.573166185,521.100108
565,31.20623025,11.94541593,36.66833416,1.995907815,412.2867084
566,33.74528466,10.19584399,37.42982576,4.667162313,503.989933
567,33.83564785,10.02670625,37.18254309,1.239054718,385.8763396
568,33.3584118,13.37417772,37.69907235,3.078763587,576.5485312
569,35.32894696,11.71022986,37.41034719,3.685189759,513.8227325
570,31.59623871,12.82956376,38.0914569,3.082922993,519.827873
571,31.61924168,11.67838657,37.41651569,3.575194297,444.6370245
572,32.03500029,11.36548885,36.98751799,3.343129452,559.028537
573,31.33555569,13.18613121,36.49443686,4.056225616,346.7931176
574,31.43139492,12.59990217,37.53972804,2.593327317,481.1583513
575,32.35320996,10.08160996,36.97310982,2.202142913,447.0032601
576,33.96297403,13.66479834,37.2210967,2.11250282,369.5596391
577,32.86030417,10.78874426,37.59228525,2.931705624,546.9649678
578,33.76088836,10.90897934,37.04009559,2.429894093,515.2766025
579,33.15877926,13.45216765,36.61665833,4.231903116,596.3220425
580,34.30144581,12.25881412,39.55679693,2.911323959,534.1767152
581,33.25951155,12.62794043,36.2102441,3.374660395,466.0629149
582,32.47370169,12.39763168,37.61883627,3.788102596,444.3008845
583,32.34881987,11.57187298,37.69500918,3.344242363,384.6333912
584,32.44233171,11.746626,37.27870452,2.867210865,454.2907021
585,33.50405673,10.00677626,36.56765708,2.685130865,419.5092145
586,32.89505508,11.78344363,39.11447457,3.68393322,441.7845383
587,31.56319963,13.22253051,38.80234963,1.449326055,527.2525444
588,33.31535225,13.21904276,38.75268756,4.268149128,382.0253352
589,34.26954347,11.86228131,36.9393486,4.634342709,535.6152107
590,32.8183755,12.60609435,38.24225105,3.213641432,534.7754121
591,32.50732505,14.70057295,36.22049901,3.69097503,523.3845702
592,32.84500882,11.29844942,38.10424077,4.423007085,454.7200685
593,33.059356,9.590221516,35.97203504,3.090743429,413.9841878
594,33.16185222,12.84117669,39.83189622,4.860623817,431.9420702
595,32.38451217,11.07998328,36.62050503,3.574494211,494.2760409
596,35.74441511,10.99571325,37.8623773,3.068361486,457.8906574
597,33.89162742,11.7219868,38.06238697,3.711165376,463.1398415
598,32.06853905,12.45560806,37.5613811,5.130374286,524.8080605
599,32.5981473,14.7429367,37.84384064,4.214796378,495.4040691
600,34.16598622,10.79893189,36.70081705,3.327964319,383.6222814
601,32.73709636,10.89139859,37.82487003,2.283748255,450.1583084
602,33.55038379,11.59034586,36.89336232,3.066457211,716.9369107
603,31.53430095,11.91081433,38.88046267,4.58813501,456.0131607
604,32.70143355,11.79592101,36.50917415,4.042692474,465.7826715
605,33.34366521,12.63592425,36.22484944,5.471917177,509.752091
606,30.8767795,12.39299613,37.9495899,4.422155054,582.6547716
607,33.08661362,11.85289072,37.99324917,3.190880405,523.6250868
608,32.68659417,12.3364843,37.25045761,1.815256562,418.5323291
609,32.81643037,11.36372143,36.11802489,3.29736844,395.0524107
610,33.17143192,11.2402465,37.62371465,4.523296108,415.9938014
611,32.50332401,11.26278979,35.27988458,3.247104582,460.4839249
612,33.44018296,11.75218148,35.45282723,4.426073748,471.164286
613,31.53799855,11.43681646,38.43056719,3.599797038,435.903742
614,32.98953505,13.43881023,37.44588454,5.026500491,518.9233614
615,33.78302012,10.39198004,39.08140184,3.081123399,622.2105711
616,33.28291069,11.38200797,36.30984133,4.570688479,359.9859116
617,31.79902271,10.84397047,38.13475158,3.88936404,528.5351615
618,32.2562417,11.75575228,36.82980754,3.072988921,512.6819738
619,31.94143354,11.1586401,36.84695876,3.219605045,559.5467748
620,33.44613298,12.37482008,37.59223464,4.917733465,515.1869656
621,32.96774941,11.3920613,36.9166638,2.955718213,601.7157458
622,33.46994926,11.93087201,37.74415528,4.57784959,477.7413953
623,33.44339328,12.97893312,37.31197865,3.575459011,390.1494187
